config,Load,Normalize,RandomHorizontalFlip,Resize,ToTensor
8,1104.9800214470001,777.4307908420001,61.728108117999994,1137.299550972,726.676941275
