config,Collation,Load,Normalize,RandomHorizontalFlip,Resize,ToTensor
4,433.54997805,1125.375266176,915.22642064,61.015711053,1106.893002492,791.91611765
